{"train_loss": 0.010692366163409052, "train_acc": 0.9981498149814981, "train_f1": 0.998148426162238, "val_loss": 0.520779308587878, "val_acc": 0.8482384823848238, "val_f1": 0.8478260869565217, "test_loss": 0.5679633533113866, "test_acc": 0.8450879374666903, "test_f1": 0.8447846208615164, "_timestamp": 1714819817.0222704, "_runtime": 281.9414734840393, "_step": 11, "_wandb": {"runtime": 277}}