{"train_loss": 0.20250891296133205, "train_acc": 0.9272427242724273, "train_f1": 0.9274133200299325, "val_loss": 0.3596934626095986, "val_acc": 0.8455284552845529, "val_f1": 0.8421052631578948, "test_loss": 0.3748154107366749, "test_acc": 0.8383371824480369, "test_f1": 0.8378474697077691, "_timestamp": 1714820235.012225, "_runtime": 268.64657497406006, "_step": 11, "_wandb": {"runtime": 265}}