{"train_loss": 0.006874834811610199, "train_acc": 0.9991999199919992, "train_f1": 0.9991995997999, "val_loss": 0.49088103338308775, "val_acc": 0.8563685636856369, "val_f1": 0.8571428571428571, "test_loss": 0.586510705321016, "test_acc": 0.8452655889145496, "test_f1": 0.8450453655933109, "_timestamp": 1714829984.0859551, "_runtime": 368.1722152233124, "_step": 14, "_wandb": {"runtime": 366}}