{"train_loss": 0.01519872845266119, "train_acc": 0.9974997499749975, "train_f1": 0.9975007497750674, "val_loss": 0.9918346818546616, "val_acc": 0.7913279132791328, "val_f1": 0.7843137254901961, "test_loss": 0.8344734160212688, "test_acc": 0.823592112275715, "test_f1": 0.8218834080717489, "_timestamp": 1714830445.9194694, "_runtime": 367.61902141571045, "_step": 11, "_wandb": {"runtime": 364}}