{"train_loss": 0.18684948412272104, "train_acc": 0.9343434343434344, "train_f1": 0.9343401510226534, "val_loss": 0.4434513179913446, "val_acc": 0.8292682926829268, "val_f1": 0.8194842406876792, "test_loss": 0.426722974246932, "test_acc": 0.8367383194173033, "test_f1": 0.8364477665064958, "_timestamp": 1714823028.996909, "_runtime": 352.1697578430176, "_step": 11, "_wandb": {"runtime": 348}}