{"train_loss": 0.46036568960317054, "train_acc": 0.7848284828482849, "train_f1": 0.7872645473871558, "val_loss": 0.48570953927389005, "val_acc": 0.7560975609756098, "val_f1": 0.7413793103448276, "test_loss": 0.47565252689003074, "test_acc": 0.7765144785930005, "test_f1": 0.7782869228057808, "_timestamp": 1714831398.4606848, "_runtime": 369.1867437362671, "_step": 11, "_wandb": {"runtime": 367}}