{"train_loss": 0.17245774350651313, "train_acc": 0.9401440144014401, "train_f1": 0.9403260381873473, "val_loss": 0.46612327337911136, "val_acc": 0.8265582655826558, "val_f1": 0.8270270270270271, "test_loss": 0.44766172369074114, "test_acc": 0.8306981701900871, "test_f1": 0.8360006883496816, "_timestamp": 1714830900.7527733, "_runtime": 364.1363923549652, "_step": 11, "_wandb": {"runtime": 362}}